ID;Col1;Col2;Col3;Col4;Col5;Col6;Col7;Col8;Col9;Col10;Col11;Col12
1;د;َ;ِ;ُ;;;;;;;;
2;ز;;;;;;;;;;;
3;ْ;;;;;;;;;;;
4;م;;;;;;;;;;;
5;Form der Buchstaben am Anfang, Mitte und Ende des Wortes;;;;;;;;;;;
6;ن;;;;;;;;;;;
7;ّ;;;;;;;;;;;
8;ل;;;;;;;;;;;
9;ا;َا;لا;;;;;;;;;
10;ٱلْ;;;;;;;;;;;
11;ي;;;;;;;;;;;
12;ِي;ِى;;;;;;;;;;
13;َيْ;;;;;;;;;;;
14;و;;;;;;;;;;;
15;ُو;وا۟;;;;;;;;;;
16;َوْ;;;;;;;;;;;
17;ٱلّ;ٱللّ;ٱلنّ;ٱلزّ;ٱلدّ;;;;;;;
18;ب;ٱلْب;;;;;;;;;;
19;ت;ٱلتّ;;;;;;;;;;
20;ة;;;;;;;;;;;
21;ه (am Anfang des Wortes);;;;;;;;;;;
22;ه (in der Mitte des Wortes);M;ٱلْه;;;;;;;;;
23;ه (am Ende des Wortes);ْ;ّ;;;;;;;;;
24;ة;;;;;;;;;;;
25;س;ٱلسّ;;;;;;;;;;
26;ٌ;ٍ;ً;;;;;;;;;
27;ش;ٱلشّ;;;;;;;;;;
28;ٰ;;;;;;;;;;;
29;ىٰ;وٰ;;;;;;;;;;
30;ًى;;;;;;;;;;;
31;ك;ٱلْك;;;;;;;;;;
32;ف;ٱلْف;;;;;;;;;;
33;ر;ٱلرّ;;;;;;;;;;
34;َٱ;ِٱ;ُٱ;;;;;;;;;
35;ِ;ٱ;ُ;ٱ;َ;ٱ;;;;;;
36;ِي;ٱ;ُو;ٱ;َا;ٱ;ىٰ;ٱ;ى;ٱ;ا۟;ٱ
37;ج;ٱلْج;;;;;;;;;;
38;خ;ٱلْخ;;;;;;;;;;
39;إِ;;;;;;;;;;;
40;إِي;ٱيّ;;;;;;;;;;
41;أُ;أُو;;;;;;;;;;
42;أَ;آ;;;;;;;;;;
43;أَو;أَي;;;;;;;;;;
44;ث;ٱلثّ;;;;;;;;;;
45;ذ;ٱلذّ;;;;;;;;;;
46;ء;ـ;;;;;;;;;;
47;َأَ;;;;;;;;;;;
48;ؤ;;;;;;;;;;;
49;ئ;;;;;;;;;;;
50;ءْ;أْ;ؤْ;ئْ;ْئ;ْؤ;ْإ;ْأ;أٌ;;;
51;غ;ٱلْغ;;;;;;;;;;
52;ح;ٱلْح;;;;;;;;;;
53;ق;ٱلْق;;;;;;;;;;
54;ٌ;ٱ;ً;ٱ;ٍ;ٱ;ًا;ٱ;;;;
55;َ;ِ;ُ;;;;;;;;;
56;ع;ٱلْع;;;;;;;;;;
57;ط;ٱلطّ;;;;;;;;;;
58;ص;ٱلصّ;;;;;;;;;;
59;ض;ٱلضّ;;;;;;;;;;
60;ظ;ٱلظّ;;;;;;;;;;